record_id,category,pii_type,placement,source_text,raw,delete,generic,typed,review_status,reviewer,review_date,note
B77_train_07741,verify_top_up,PERSON,prefix,Where is my top-up verification code?,My name is John Rojas. Where is my top-up verification code?,My name is . Where is my top-up verification code?,My name is [REDACTED]. Where is my top-up verification code?,My name is [PERSON]. Where is my top-up verification code?,APPROVED,Carson Morris,2026-10-04,
B77_train_00380,exchange_rate,PERSON,prefix,How are the exchange rates for transfers calculated?,My name is Kelly Marshall. How are the exchange rates for transfers calculated?,My name is . How are the exchange rates for transfers calculated?,My name is [REDACTED]. How are the exchange rates for transfers calculated?,My name is [PERSON]. How are the exchange rates for transfers calculated?,APPROVED,Carson Morris,2026-10-04,
B77_train_07448,failed_transfer,PERSON,prefix,I really need some help to understand why my transfer keeps failing. I'm trying to send money to a friend. Please help.,My name is Katherine Patel. I really need some help to understand why my transfer keeps failing. I'm trying to send money to a friend. Please help.,My name is . I really need some help to understand why my transfer keeps failing. I'm trying to send money to a friend. Please help.,My name is [REDACTED]. I really need some help to understand why my transfer keeps failing. I'm trying to send money to a friend. Please help.,My name is [PERSON]. I really need some help to understand why my transfer keeps failing. I'm trying to send money to a friend. Please help.,APPROVED,Carson Morris,2026-10-04,
B77_train_02220,cancel_transfer,PERSON,suffix,"Yesterday, I made an incorrect payment to the wrong account for my rent payment. I need this addressed as soon as possible and the funds transferred to the correct account by no later than tomorrow.","Yesterday, I made an incorrect payment to the wrong account for my rent payment. I need this addressed as soon as possible and the funds transferred to the correct account by no later than tomorrow. My name is Cody Jones.","Yesterday, I made an incorrect payment to the wrong account for my rent payment. I need this addressed as soon as possible and the funds transferred to the correct account by no later than tomorrow. My name is .","Yesterday, I made an incorrect payment to the wrong account for my rent payment. I need this addressed as soon as possible and the funds transferred to the correct account by no later than tomorrow. My name is [REDACTED].","Yesterday, I made an incorrect payment to the wrong account for my rent payment. I need this addressed as soon as possible and the funds transferred to the correct account by no later than tomorrow. My name is [PERSON].",APPROVED,Carson Morris,2026-10-04,
B77_train_07284,transfer_fee_charged,PERSON,suffix,Why is there an extra fee on a transfer?,Why is there an extra fee on a transfer? My name is April Martin.,Why is there an extra fee on a transfer? My name is .,Why is there an extra fee on a transfer? My name is [REDACTED].,Why is there an extra fee on a transfer? My name is [PERSON].,APPROVED,Carson Morris,2026-10-04,
B77_train_00422,card_payment_wrong_exchange_rate,PERSON,suffix,The amount of exchange was not correct for the item i bought.,The amount of exchange was not correct for the item i bought. My name is Evan Cunningham.,The amount of exchange was not correct for the item i bought. My name is .,The amount of exchange was not correct for the item i bought. My name is [REDACTED].,The amount of exchange was not correct for the item i bought. My name is [PERSON].,APPROVED,Carson Morris,2026-10-04,
B77_train_06469,transaction_charged_twice,EMAIL,prefix,I was charged too many times for one transaction.,My email is nicolejackson@example.com. I was charged too many times for one transaction.,My email is . I was charged too many times for one transaction.,My email is [REDACTED]. I was charged too many times for one transaction.,My email is [EMAIL]. I was charged too many times for one transaction.,APPROVED,Carson Morris,2026-10-04,
B77_train_05997,pending_transfer,EMAIL,prefix,"Transfers may show up as pending for up to one day while they are processed by one of our payment processors. Then, they will depart for the beneficiary accounts. Please also double-check that you have entered the correct account details. SEPA transfers can take up to two business days, and SWIFT transfers can take up to five business days.","My email is mvasquez@example.com. Transfers may show up as pending for up to one day while they are processed by one of our payment processors. Then, they will depart for the beneficiary accounts. Please also double-check that you have entered the correct account details. SEPA transfers can take up to two business days, and SWIFT transfers can take up to five business days.","My email is . Transfers may show up as pending for up to one day while they are processed by one of our payment processors. Then, they will depart for the beneficiary accounts. Please also double-check that you have entered the correct account details. SEPA transfers can take up to two business days, and SWIFT transfers can take up to five business days.","My email is [REDACTED]. Transfers may show up as pending for up to one day while they are processed by one of our payment processors. Then, they will depart for the beneficiary accounts. Please also double-check that you have entered the correct account details. SEPA transfers can take up to two business days, and SWIFT transfers can take up to five business days.","My email is [EMAIL]. Transfers may show up as pending for up to one day while they are processed by one of our payment processors. Then, they will depart for the beneficiary accounts. Please also double-check that you have entered the correct account details. SEPA transfers can take up to two business days, and SWIFT transfers can take up to five business days.",APPROVED,Carson Morris,2026-10-04,
B77_train_08342,wrong_exchange_rate_for_cash_withdrawal,EMAIL,prefix,The exchange rate for my cash withdrawal was incorrect,My email is edwardscatherine@example.com. The exchange rate for my cash withdrawal was incorrect,My email is . The exchange rate for my cash withdrawal was incorrect,My email is [REDACTED]. The exchange rate for my cash withdrawal was incorrect,My email is [EMAIL]. The exchange rate for my cash withdrawal was incorrect,APPROVED,Carson Morris,2026-10-04,
B77_train_09919,country_support,EMAIL,suffix,Can I get a card in the US?,Can I get a card in the US? My email is bryandavid@example.com.,Can I get a card in the US? My email is .,Can I get a card in the US? My email is [REDACTED].,Can I get a card in the US? My email is [EMAIL].,APPROVED,Carson Morris,2026-10-04,
B77_train_07930,getting_spare_card,EMAIL,suffix,Is there any way I can get more physical cards to use with my account?,Is there any way I can get more physical cards to use with my account? My email is knightchristine@example.com.,Is there any way I can get more physical cards to use with my account? My email is .,Is there any way I can get more physical cards to use with my account? My email is [REDACTED].,Is there any way I can get more physical cards to use with my account? My email is [EMAIL].,APPROVED,Carson Morris,2026-10-04,
B77_train_02998,getting_virtual_card,EMAIL,suffix,"I would like to order a virtual card, where can I get one?","I would like to order a virtual card, where can I get one? My email is antonio49@example.com.","I would like to order a virtual card, where can I get one? My email is .","I would like to order a virtual card, where can I get one? My email is [REDACTED].","I would like to order a virtual card, where can I get one? My email is [EMAIL].",APPROVED,Carson Morris,2026-10-04,
B77_train_03025,getting_virtual_card,PHONE,prefix,Where's my virtual card,My phone is 202-555-0152. Where's my virtual card,My phone is . Where's my virtual card,My phone is [REDACTED]. Where's my virtual card,My phone is [PHONE]. Where's my virtual card,APPROVED,Carson Morris,2026-10-04,
B77_train_07135,beneficiary_not_allowed,PHONE,prefix,Why cant I transfer to my account?,My phone is 202-555-0188. Why cant I transfer to my account?,My phone is . Why cant I transfer to my account?,My phone is [REDACTED]. Why cant I transfer to my account?,My phone is [PHONE]. Why cant I transfer to my account?,APPROVED,Carson Morris,2026-10-04,
B77_train_09942,country_support,PHONE,prefix,"I have my residency in the US, but I would love to get a card.","My phone is 202-555-0182. I have my residency in the US, but I would love to get a card.","My phone is . I have my residency in the US, but I would love to get a card.","My phone is [REDACTED]. I have my residency in the US, but I would love to get a card.","My phone is [PHONE]. I have my residency in the US, but I would love to get a card.",APPROVED,Carson Morris,2026-10-04,
B77_train_09418,cash_withdrawal_charge,PHONE,suffix,Explain the extra ATM fees.,Explain the extra ATM fees. My phone is 202-555-0171.,Explain the extra ATM fees. My phone is .,Explain the extra ATM fees. My phone is [REDACTED].,Explain the extra ATM fees. My phone is [PHONE].,APPROVED,Carson Morris,2026-10-04,
B77_train_00587,extra_charge_on_statement,PHONE,suffix,Is there a reason why there is an extra £1 charge on my account?,Is there a reason why there is an extra £1 charge on my account? My phone is 202-555-0100.,Is there a reason why there is an extra £1 charge on my account? My phone is .,Is there a reason why there is an extra £1 charge on my account? My phone is [REDACTED].,Is there a reason why there is an extra £1 charge on my account? My phone is [PHONE].,APPROVED,Carson Morris,2026-10-04,
B77_train_07475,failed_transfer,PHONE,suffix,"Hi there, I've tried to make a transfer 5 different times and its not working. Is your system down or something?","Hi there, I've tried to make a transfer 5 different times and its not working. Is your system down or something? My phone is 202-555-0135.","Hi there, I've tried to make a transfer 5 different times and its not working. Is your system down or something? My phone is .","Hi there, I've tried to make a transfer 5 different times and its not working. Is your system down or something? My phone is [REDACTED].","Hi there, I've tried to make a transfer 5 different times and its not working. Is your system down or something? My phone is [PHONE].",APPROVED,Carson Morris,2026-10-04,
B77_train_02825,transfer_not_received_by_recipient,ADDRESS,prefix,My new landlord is a lier and is trying to rip me off by saying I've not paid my rent when I have paid my rent.  What is going on?  They say the money hasn't got to them but I see it going out of my account.  Can you check that the money went to the right place?,"My address is 18956 Kirby Bypass Apt. 273 West Glennfurt, SD 28988. My new landlord is a lier and is trying to rip me off by saying I've not paid my rent when I have paid my rent. What is going on? They say the money hasn't got to them but I see it going out of my account. Can you check that the money went to the right place?",My address is . My new landlord is a lier and is trying to rip me off by saying I've not paid my rent when I have paid my rent. What is going on? They say the money hasn't got to them but I see it going out of my account. Can you check that the money went to the right place?,My address is [REDACTED]. My new landlord is a lier and is trying to rip me off by saying I've not paid my rent when I have paid my rent. What is going on? They say the money hasn't got to them but I see it going out of my account. Can you check that the money went to the right place?,My address is [ADDRESS]. My new landlord is a lier and is trying to rip me off by saying I've not paid my rent when I have paid my rent. What is going on? They say the money hasn't got to them but I see it going out of my account. Can you check that the money went to the right place?,APPROVED,Carson Morris,2026-10-04,
B77_train_09635,card_about_to_expire,ADDRESS,prefix,What do I do when I get close to the expiration date of my card?,"My address is 019 Parker Lake North Jasonberg, MP 73567. What do I do when I get close to the expiration date of my card?",My address is . What do I do when I get close to the expiration date of my card?,My address is [REDACTED]. What do I do when I get close to the expiration date of my card?,My address is [ADDRESS]. What do I do when I get close to the expiration date of my card?,APPROVED,Carson Morris,2026-10-04,
B77_train_09128,top_up_by_card_charge,ADDRESS,prefix,what is the fee for topping up by card?,My address is USCGC Stephens FPO AP 85969. what is the fee for topping up by card?,My address is . what is the fee for topping up by card?,My address is [REDACTED]. what is the fee for topping up by card?,My address is [ADDRESS]. what is the fee for topping up by card?,APPROVED,Carson Morris,2026-10-04,
B77_train_06745,reverted_card_payment?,ADDRESS,suffix,The payment I made with my card is not showing up.,"The payment I made with my card is not showing up. My address is 3406 Colleen Walks Suite 437 Port Elizabethview, VA 59879.",The payment I made with my card is not showing up. My address is .,The payment I made with my card is not showing up. My address is [REDACTED].,The payment I made with my card is not showing up. My address is [ADDRESS].,APPROVED,Carson Morris,2026-10-04,
B77_train_00764,pending_cash_withdrawal,ADDRESS,suffix,I have withdrawn cash from the ATM but it is showing in my account as a pending transation. Why is this?,"I have withdrawn cash from the ATM but it is showing in my account as a pending transation. Why is this? My address is 13259 Kelly Dam Port Timothyview, MI 31164.",I have withdrawn cash from the ATM but it is showing in my account as a pending transation. Why is this? My address is .,I have withdrawn cash from the ATM but it is showing in my account as a pending transation. Why is this? My address is [REDACTED].,I have withdrawn cash from the ATM but it is showing in my account as a pending transation. Why is this? My address is [ADDRESS].,APPROVED,Carson Morris,2026-10-04,
B77_train_05533,request_refund,ADDRESS,suffix,I'm cancelling this charge. I still have not received what I bought from these people a while ago.,I'm cancelling this charge. I still have not received what I bought from these people a while ago. My address is USCGC Ward FPO AP 87257.,I'm cancelling this charge. I still have not received what I bought from these people a while ago. My address is .,I'm cancelling this charge. I still have not received what I bought from these people a while ago. My address is [REDACTED].,I'm cancelling this charge. I still have not received what I bought from these people a while ago. My address is [ADDRESS].,APPROVED,Carson Morris,2026-10-04,
